the grand bahama island in [MASK].	Bahamas
two countries invaded poland in the beginning of ww2 [MASK].	Germany
countries border the us [MASK].	Canada
nina dobrev nationality is [MASK].	Bulgaria
iceland belong to [MASK].	Iceland
taylor lautner play in [MASK].	Abduction
[MASK] was ishmael 's mom.	Hagar
the major cities in france are [MASK].	Paris
esther live in [MASK].	Susa
martin cooper doing now is [MASK].	Inventor
william shakespeare do for a living [MASK].	Poet
heathrow airport in [MASK].	London
michael weston drive [MASK].	Wishcraft
australia gmt is [MASK].	UTC+8
[MASK] does maggie grace play in taken.	Kim
louis armstrong play [MASK].	Jazz
jackie french live in [MASK].	Australia
practiced in sparta was [MASK].	Monarchy
jack daniels factory in [MASK].	Tennessee
charles darwin famous for [MASK].	Evolution
the countries in the united kingdom are [MASK].	Wales
benjamin franklin died in [MASK].	Philadelphia
martin luther king got shot in [MASK].	Memphis
[MASK] does christina milian have a baby by.	The-Dream
ben franklin do [MASK].	Diplomat
rob kardashian get surgery for [MASK].	Appendicitis
nelson mandela 's religion was [MASK].	Methodism
[MASK] will win the 2011 nhl stanley cup.	Canada
henry clay known for [MASK].	Lawyer
the money of spain called is [MASK].	Euro
sunbeam microwaves made in [MASK].	Florida
ryanair fly to [MASK].	Bergamo
justin bieber [MASK].	guitar
the casey anthony case take place in [MASK].	Orlando
the texas rangers started in [MASK].	1972
they call football in spanish [MASK].	XHVG-FM
niles crane live in [MASK].	Seattle
gabriel faure born in [MASK].	France
australian people speak [MASK].	Lojban
[MASK] did ben stiller play in megamind.	Bernard
jane mansfield die in [MASK].	Slidell
the thames river located in [MASK].	London
ellen play in finding nemo [MASK].	Dory
6 states border south dakota [MASK].	Iowa
countries share borders with france [MASK].	Italy
salvador dali is [MASK].	Painting
george v die of [MASK].	Euthanasia
have happened if germany had won ww1 [MASK].	de
the nation of greece located in [MASK].	Europe
countries have english as native language [MASK].	Canada
rebecca adlington compete in [MASK].	Swimming
the battle of antietam creek in [MASK].	Pennsylvania
she from shakira in [MASK].	Colombia
[MASK] did hera marry.	Zeus
kirk hammett play [MASK].	guitar
william mckinley became president [MASK].	1897
the islamic believe [MASK].	Muslims
the basic beliefs of sikhism are [MASK].	Saṃsāra
australia export [MASK].	Energy
henry knox die in [MASK].	Thomaston
[MASK] was the queen of the iceni tribe.	Boudica
they speak in northern ireland [MASK].	Irish
abraham lincoln do before he was president [MASK].	Statesman
leland chapman live now in [MASK].	Kailua
the roman colosseum located in [MASK].	Rome
mayans predict end of the world in [MASK].	2012
for math [MASK].	Mathematician
joseph lister do for science [MASK].	Listerine
[MASK] uses new king james bible.	Christianity
joe walsh leave the eagles in [MASK].	1980
jj thomson discover [MASK].	Electron
[MASK] is chelsea kane.	Singer
[MASK] is darwin and what is his theory.	Naturalist
south africa part of [MASK].	Africa
the china money called is [MASK].	Renminbi
catholics call their god [MASK].	God
the capital of alaska state is [MASK].	Juneau
[MASK] speaks farsi.	Canada
[MASK] were the major trade partners of russia.	Uzbekistan
nathaniel hawthorne die in [MASK].	Plymouth
buddhist gods are [MASK].	Āgama
the nation of palestine in [MASK].	Eurasia
the greek titans are [MASK].	Titanium
countries speak english primarily [MASK].	Canada
leonardo da vinci when he died in [MASK].	Amboise
the mali empire have [MASK].	Republic
the religion of israel people is [MASK].	Judaism
mount st helens is [MASK].	Stratovolcano
[MASK] is esther hicks.	Writer
	Gauteng
henri matisse famous for [MASK].	Sculpture
[MASK] was louis riel.	Politician
the four nations of the uk are [MASK].	Scotland
helen keller [MASK].	Deafness
greenpeace an international environmental organization founded in [MASK].	Vancouver
the battle of waterloo held in [MASK].	Waterloo
marilyn monroe known for [MASK].	Singer
lala anthony live in [MASK].	Brooklyn
brad pitt born in [MASK].	Shawnee
the euro 2012 tournament in [MASK].	Italy
dolly parton grew up in [MASK].	Sevierville
rick santorum from [MASK].	Pennsylvania
henri matisse involved in [MASK].	Fauvism
czechoslovakia become [MASK].	Slovakia
richard wagner play [MASK].	Opera
most of the people live in japan in [MASK].	Tokyo
	Spain
	Netherlands
made jimi hendrix great [MASK].	guitar
the countries and capitals of central america are [MASK].	Honduras
mary poppins made in [MASK].	1964
king edward vi died from [MASK].	Tuberculosis
found in australia are [MASK].	Catholicism
russia border [MASK].	Ukraine
st vincent de paul buried in [MASK].	Paris
jimmy valvano die with [MASK].	Cancer
giovanni pierluigi da palestrina live in [MASK].	Italy
[MASK] is michelle obama.	Writer
hans oersted discovered in 1819 [MASK].	Aluminium
the lions last win a thanksgiving game in [MASK].	Tombo
richard arkwright die in [MASK].	Cromford
vietnam originate in [MASK].	Asia
scottie pippen come into the nba [MASK].	1987
you if you re in zagreb in [MASK].	Croatia
south africa border 2 the north [MASK].	Lesotho
brazil time zone is [MASK].	UTC−02:00
[MASK] was tex beneke.	Singer
all the things thomas edison invented are [MASK].	Phonograph
shakira 's nationality is [MASK].	Colombia
the nascar hall of fame in [MASK].	Charlotte
[MASK] is gilbert gottfried snl.	Actor
christiaan barnard famous for [MASK].	Surgeon
israel belong to [MASK].	Asia
thomas jefferson 's home in [MASK].	Monticello
the capital of spain in 2010 is [MASK].	Madrid
the university of west alabama located in [MASK].	Alabama
kenny everett die off [MASK].	AIDS
elvis presley started his career in [MASK].	Memphis
harriet tubman have [MASK].	Writer
unesco operate in [MASK].	Paris
people speak in iran [MASK].	Persian
bela fleck play [MASK].	Banjo
mary todd lincoln was [MASK].	Presbyterianism
the country of cyprus located in [MASK].	Europe
king charles spaniels are [MASK].	Dog
the new york mets start [MASK].	1962
neil gaiman grow up in [MASK].	Menomonie
in the andean region are [MASK].	Brazil
the team colors for the pittsburgh steelers are [MASK].	White
the major religions practiced in israel are [MASK].	Judaism
andrew jackson run for president [MASK].	3/4/1829
madoff live in nyc in [MASK].	Queens
[MASK] was josh groban in crazy stupid love.	Richard
the scientist thomson discover [MASK].	Electron
[MASK] does the islam worship.	Allah
venus named for [MASK].	Planet
movies have kenya moore produced [MASK].	Trois
germany surrender in ww2 [MASK].	Berlin
liz mcclarnon live in [MASK].	England
fc schalke 04 in [MASK].	Gelsenkirchen
omar epps first movie was [MASK].	Juice
eu parliament in [MASK].	Brussels
president lyndon johnson from in [MASK].	Austin
logan browning live in [MASK].	Atlanta
mcdonalds officially open in [MASK].	5/15/1940
adidas originate in [MASK].	Germany
2pm est in philippines is [MASK].	UTC+8
the pyramids of giza located in [MASK].	Egypt
[MASK] were demeter 's brothers and sisters.	Zeus
canada 's capital located in [MASK].	Ontario
singapore on a world map in [MASK].	Eurasia
bob ross die of [MASK].	Lymphoma
[MASK] were ulysses s grant and robert e lee.	General-in-Chief
	Tanzania
the major religions in uk are [MASK].	Judaism
the currency of spain called is [MASK].	Euro
to the north of the united states of america is [MASK].	Canada
mozart do to become famous [MASK].	Composer
avril lavigne born in [MASK].	Belleville
movies have queen latifah played in [MASK].	Taxi
the short name for stephanie is [MASK].	Stepha
south africa export to [MASK].	Tanzania
leo howard play in [MASK].	Logan
john williams use [MASK].	Trombone
a city in montana [MASK].	Helena
vw cc made in [MASK].	Germany
three continents touch the atlantic ocean [MASK].	Canada
john howard live in [MASK].	Sydney
beethoven composed [MASK].	Opera
george steinbrenner do [MASK].	Entrepreneur
pablo picasso die in [MASK].	Mougins
nick carter sister died of [MASK].	guitar
[MASK] is james dean.	Actor
[MASK] do roman catholics give authority to.	Pope
[MASK] is nina dobrev playing in perks of being a wallflower.	Candace
[MASK] is larry ellison oracle.	Entrepreneur
the zip code for fort stockton texas is [MASK].	79735
obama come from [MASK].	Honolulu
whitney houston die off [MASK].	Drowning
van gogh famous for [MASK].	Painter
thomson discover with his cathode ray tube experiment [MASK].	Electron
albert einstein have [MASK].	Writer
the currency name of china is [MASK].	Renminbi
	Sharpsburg
vietnamese people originate from in [MASK].	Asian
latin america consist of [MASK].	Bolivia
wassily kandinsky do [MASK].	Painting
rod stewart born in [MASK].	Highgate
nicolaus copernicus occupation was [MASK].	Astronomer
greece have [MASK].	Euro
azerbaijan in [MASK].	Europe
bella abzug do [MASK].	Lawyer
films has gerard butler starred in [MASK].	Attila
leonardo da vinci produce [MASK].	Sculpture
anderson cooper is [MASK].	CNN
san miguel mexico on map in [MASK].	Guanajuato
the tsunami happened in japan in [MASK].	Japan
the capital of georgia is [MASK].	Atlanta
miley cyrus red hair is [MASK].	therichest.org
marie curie come from in [MASK].	Warsaw
allen iverson live now in [MASK].	Hampton
dwight howard born in [MASK].	Atlanta
guyanese people live in [MASK].	Guyana
alexandria located in [MASK].	Egypt
[MASK] was the fascist dictator of germany.	Hitler
most chinese live in [MASK].	China
the euro used in [MASK].	Italy
the roman catholic church by [MASK].	Catholicism
darry look like [MASK].	Male
five countries that border france are [MASK].	Italy
yuvraj made his odi debut in [MASK].	10/3/2000
scott joplin noted for [MASK].	Ragtime
	Florence
george washington have [MASK].	Malaria
sean murray first appear on ncis in [MASK].	2003
[MASK] is abraham maslow.	Psychologist
benedict arnold famous for [MASK].	Traitor
the original mona lisa in [MASK].	Louvre
jill wagner on wipeout is [MASK].	Him/Herself
countries has spanish as their official language [MASK].	Honduras
raj kundra do [MASK].	Entrepreneur
the northeast of the united states is [MASK].	Canada
george washington live in [MASK].	Virginia
	Mexico
[MASK] is lincoln steffens.	Journalist
university of alabama located in [MASK].	Tuscaloosa
el salvador located in [MASK].	Americas
george washington suffer from [MASK].	Malaria
's jamaica country code [MASK].	jm
the mekong river located in [MASK].	Thailand
[MASK] founded the sisters of saint joseph.	Rachel
there to do in gatlinburg in december is [MASK].	37738
nike operate in [MASK].	Earth
euro 2012 be in [MASK].	Italy
american staffordshire terriers are [MASK].	Dog
god give to israel [MASK].	Israel
vincent van gogh do [MASK].	Post-Impressionism
the tutsi come from in [MASK].	Rwanda
osama bin laden live in [MASK].	Sudan
the roman empire centered in [MASK].	Rome
[MASK] was jacob riis and why was he important.	Photographer
west african countries are [MASK].	Ghana
the mines in victoria in [MASK].	Victoria
luke afb arizona in [MASK].	Glendale
the japanese call their country [MASK].	Japan
school holidays in queensland 2013 in [MASK].	Woorabinda
[MASK] was killed first tupac or biggie.	Tupac
sony headquarters in [MASK].	Tokyo
tchaikovsky is [MASK].	Opera
wimbledon tennis tournament in [MASK].	Yearly
german an official language in [MASK].	Canada
larry hagman die of [MASK].	Leukemia
michigan usa is [MASK].	UTC-5
jill wagner on [MASK].	Wipeout
ethnic russians look like [MASK].	Europeans
places made up the western roman empire [MASK].	Europe
[MASK] is blackwell.	Critic
justin bieber grew up in [MASK].	Canada
john cornyn represent [MASK].	Texas
zip code for chicago illinois is [MASK].	60605
the portuguese language derived from in [MASK].	Brazil
5 countries border ethiopia [MASK].	Sudan
the university of maryland university college in [MASK].	Adelphi
anne frank live before the war in [MASK].	Frankfurt
joseph p kennedy born in [MASK].	Boston
[MASK] are iran 's major trading partners.	Madagascar
kaplan university online located is [MASK].	Maryland
[MASK] do rastafarians worship.	Zion
the bahamas are [MASK].	UTC-5
l frank baum die in [MASK].	Hollywood
gareth southgate play in [MASK].	England
duke ellington play [MASK].	Piano
the gobi desert located in [MASK].	Mongolia
barack obama born in [MASK].	Honolulu
countries speak spanish wikipedia [MASK].	Spain
vasco da gama came from [MASK].	Portugal
the nfl hall of fame located and when was the building opened in [MASK].	Canton
laura ingalls wilder live in [MASK].	Wisconsin
born in [MASK].	Genoa
[MASK] did kat graham play in parent trap.	Jackie
the zip code for trenton ga is [MASK].	08610
kourtney kardashian go to college for [MASK].	Theatre
bergen belsen concentration camp located in [MASK].	Germany
the name of tecumseh brother was [MASK].	Tenskwatawa
allen iverson get married [MASK].	8/3/2001
the battle of thermopylae occur in [MASK].	Greece
you say after a sneeze in german [MASK].	Wymysorys
the currency in slovakia 2012 is [MASK].	Euro
[MASK] was louis kossuth.	Politician
prince charles last name was [MASK].	Mountbatten-Windsor
mark zuckerberg co founder [MASK].	Facebook
	Pakistan
red lake ontario in [MASK].	Canada
john adams from [MASK].	Massachusetts
germany border [MASK].	Netherlands
[MASK] does russia trade with the most.	Uzbekistan
[MASK] was the grandson of king david 's father.	Solomon
devon sawa now in [MASK].	Vancouver
shoreditch in [MASK].	London
the spanish language come from in [MASK].	Spain
capital city of ontario is [MASK].	Ottawa
the 5 countries in the united kingdom are [MASK].	Wales
jojo signed to [MASK].	Mercury
hong kong china in [MASK].	Asia
the capital of canada on the map in [MASK].	Ottawa
movies have robert pattinson starred in [MASK].	Eclipse
lance armstrong born and in what year in [MASK].	9/18/1971
the most practiced religion in the us is [MASK].	Christianity
duffy sing [MASK].	Mercy
the flemish live in [MASK].	Belgium
religion in thailand [MASK].	Buddhism
sparta greece have [MASK].	Monarchy
the names of all the countries in africa are [MASK].	Angola
[MASK] started the first persian gulf war.	Kuwait
emperor hadrian born in [MASK].	Rome
the colosseum in rome used for [MASK].	Gladiator
kurt cobain die in [MASK].	Seattle
the battle of verdun held in [MASK].	Verdun
the ottoman turks follow [MASK].	Islam
germany take over during world war 2 [MASK].	France
[MASK] was joseph pulitzer and what did he do.	Publisher
the next geneva motor show in [MASK].	March
the battle of antietam take place in [MASK].	Sharpsburg
armenia border [MASK].	Turkey
president in [MASK].	1960
martin luther king jr have [MASK].	Preacher
[MASK] is andrew carnegie and what did he do.	Entrepreneur
[MASK] is jeremy sumpter.	Actor
henry clay represent [MASK].	Kentucky
vasco nunez de balboa born in [MASK].	Spain
the mississippi river pass through [MASK].	Mississippi
[MASK] was the emperor before nero.	Claudius
henri matisse produce [MASK].	Fauvism
directed by steven spielberg are [MASK].	Duel
school holidays in uk 2011 in [MASK].	Denbighshire
the battle of new orleans start in [MASK].	Touro
[MASK] is paul revere and what did he do.	Silversmith
[MASK] was galileo galilei.	Mathematician
countries use english as national language [MASK].	Canada
jason statham live in [MASK].	Sydenham
south africa in [MASK].	Africa
aldi originate in [MASK].	1961
barack obama elected president in [MASK].	1/10/2011
the government of chile is [MASK].	Republic
natalie portman play in [MASK].	Closer
puerto galera in [MASK].	Philippines
the battle of verdun located in [MASK].	Verdun
and see in miami florida [MASK].	Wolfsonian-FIU
chris farley do [MASK].	Coneheads
the earthquake in christchurch in [MASK].	Canterbury
baybrook mall in [MASK].	Friendswood
princess leia call home [MASK].	Alderaan
roman abramovich live in [MASK].	Moscow
to travel in africa in january in [MASK].	Angola
most immigrants come from [MASK].	/g/124x8gxxd
whitey bulger in [MASK].	Boston
greece use 2012 [MASK].	Euro
fresno state 's zip code is [MASK].	93702
[MASK] plays jay adams in lords of dogtown.	Him/Herself
songs has madonna written [MASK].	Masterpiece
pope benedict xvi live in [MASK].	Germany
tommy emmanuel from in [MASK].	Australia
	Lesotho
countries use the euro as official currency [MASK].	Italy
the netherlands use [MASK].	Euro
[MASK] did king tut married.	Ankhesenamun
mary queen of scots is [MASK].	Catholicism
port st johns florida in [MASK].	Florida
ben hall do [MASK].	Bushranger
the university of oregon state in [MASK].	Oregon
the capital city of canada on a map is [MASK].	Ottawa
people from iran are [MASK].	Persian
the germans come from wiki in [MASK].	Germany
tom hanks won his first oscar [MASK].	Big
ancient egypt created in [MASK].	eg
francis drake represent [MASK].	England
[MASK] was mendel and what did he develop.	Scientist
universal studios california theme park in [MASK].	Glendale
part of the united kingdom are [MASK].	Wales
chinese [MASK].	Chinese
john adams get elected president [MASK].	4/21/1789
[MASK] did magellan sail for.	Explorer
irish people come from in [MASK].	Ireland
carrie underwood live in [MASK].	Checotah
toni braxton born and raised in [MASK].	Severn
maria theresa rule [MASK].	Bohemia
roger sherman represent at the constitutional convention [MASK].	Connecticut
bradley cooper live now in [MASK].	Philadelphia
vasco da gama come from [MASK].	Portugal
they speak farsi [MASK].	Canada
luke skywalker live in star wars in [MASK].	Tatooine
two countries in south america are [MASK].	Carrasco
vatican city in [MASK].	Rome
duke ellington do [MASK].	Musician
the atlanta falcons located in [MASK].	Atlanta
tommy emmanuel born in [MASK].	Muswellbrook
frida kahlo use in her paintings [MASK].	Surrealism
[MASK] does larry david play in seinfeld.	Screenwriter
toussaint charbonneau from in [MASK].	Boucherville
harriet beecher stowe do as an abolitionist [MASK].	Novelist
	Gauteng
john cabot sail for [MASK].	Italy
school start in los angeles california 2011 in [MASK].	August
samuel de champlain [MASK].	Soldier
robert koch do [MASK].	Physician
quentin tarantino star in [MASK].	Grindhouse
charlie sheen do [MASK].	Cocaine
st mary mascot is [MASK].	Griffin
[MASK] was irving berlin and what did he do.	Songwriter
scott joplin is [MASK].	Piano
the welsh language originate from in [MASK].	Celts
the cincinnati reds founded were [MASK].	1881
kia cars made in [MASK].	Seoul
sunbeam appliances made in [MASK].	Canada
ronnie radke do [MASK].	guitar
raised in [MASK].	Brooklyn
avril lavigne live now in [MASK].	Belleville
gauge strings john mayer [MASK].	Blues-rock
abe lincoln shot with [MASK].	Firearm
to see in vietnam in two weeks [MASK].	Hanoi
reagan die in [MASK].	Bel-Air
the traditions in jamaica are [MASK].	Bobsleigh
the gulf of st lawrence river in [MASK].	Canada
the gettysburg war located in [MASK].	Gettysburg
julian clary do [MASK].	Actor
the olympic national park located in [MASK].	Washington
danish language come from in [MASK].	Denmark
in the baltic region are [MASK].	Latvia
hitler lead [MASK].	Germany
you from in egyptian arabic in [MASK].	Egypt
captain scott die of [MASK].	Starvation
's wayne state in [MASK].	Michigan
most chinese speak [MASK].	Chinese
[MASK] does avril lavigne play in over the hedge.	Heather
the country of armenia in [MASK].	Turkey
gaza city located is [MASK].	Israel
louis armstrong like to play [MASK].	trumpet
the currency in germany in 2010 is [MASK].	Euro
the boeing company in [MASK].	Seattle
luke skywalker raised on [MASK].	Tatooine
baltimore ravens win the superbowl [MASK].	2012
the name of the money used in spain is [MASK].	Euro
edgar allan poe go to college [MASK].	2/14/1826
	Nepal
[MASK] is nick grimshaw.	Presenter
florence sabin do [MASK].	Physician
audie murphy grow up in [MASK].	Texas
kobe bryant go to high school [MASK].	1996
school start in hillsborough county in [MASK].	Valrico
jfk and his wife live in [MASK].	Boston
the basic beliefs of islam religion are [MASK].	Monotheism
	Colorado
i bring to italy [MASK].	Euro
the roman empire consist of [MASK].	Cilicia
fred goodwin do [MASK].	Businessperson
[MASK] is marilyn monroe and why is she famous.	Singer
elijah mccoy famous for [MASK].	Engineer
glastonbury connecticut in [MASK].	Connecticut
katy perry play [MASK].	Vocals
don king live in [MASK].	Cleveland
sony headquarters located in [MASK].	Tokyo
happened to adolf hitler at the end of the war [MASK].	Suicide
four states touch mexico [MASK].	California
sammy davis jr die of [MASK].	Complication
two countries share a border with the great lakes [MASK].	Canada
tom cruise follow [MASK].	Catholicism
john deere made in [MASK].	Moline
charles lindbergh became famous for in the 1920s [MASK].	Pilot
romney governor [MASK].	Massachusetts
the english came from in [MASK].	Canada
compaq laptops made in [MASK].	Houston
janelle brown have [MASK].	Singer
michelle obama do for a living [MASK].	Writer
[MASK] does paul wesley play in 24.	Stephen
australia in [MASK].	Australia
the name of the sacred text of islam is [MASK].	Quran
killed sammy davis jr [MASK].	Complication
john adams elected from [MASK].	Massachusetts
we change the clocks in 2011 in australia in [MASK].	au
liam neeson star in [MASK].	Excalibur
all the countries in nato are [MASK].	Netherlands
governor cuomo born in [MASK].	Queens
purdue university located is [MASK].	Indiana
emily bronte died of [MASK].	Tuberculosis
mother teresa work in [MASK].	Kolkata
sammy davis jr is [MASK].	Judaism
kurdish people from in [MASK].	Asia
jesus born and raised in [MASK].	Nazareth
happened to harvey smith [MASK].	Designer
[MASK] is john garcia.	Singer
george soros believe [MASK].	Atheism
	Seine
[MASK] was sam houston answers.	Soldier
dell products manufactured in [MASK].	Texas
the everglades is [MASK].	Wetland
tomb of allama iqbal in [MASK].	Lahore
[MASK] does the united states export the most to.	Canada
sony ericsson based in [MASK].	London
you are [MASK].	Vitellius
canada export wheat to [MASK].	Japan
china border [MASK].	Pakistan
portuguese language spoken in [MASK].	Brazil
dwight d. eisenhower live in [MASK].	Pennsylvania
[MASK] did michael jackson play in the wiz.	Scarecrow
charlie sheen do [MASK].	Cannabis
the capital city of assyrian empire is [MASK].	Assur
countries speak english [MASK].	Canada
the zip code for cordova tn is [MASK].	99574
isaac newton famous for [MASK].	Physicist
considered eastern canada is [MASK].	Newfoundland
ba fly to from london city airport in [MASK].	London
kaka live in [MASK].	Brazil
some of the religions in australia are [MASK].	Catholicism
the capital city of south carolina is [MASK].	Columbia
obama grow up in [MASK].	Honolulu
chris cuomo go in [MASK].	Queens
auburn university at in [MASK].	Alabama
ronald reagan born and raised in [MASK].	Tampico
the connecticut river flow through [MASK].	Vermont
the biggest cities in illinois are [MASK].	Chicago
the most populated is [MASK].	Ontario
states touch canadian soil [MASK].	Michigan
the gold cup cheltenham in [MASK].	Yearly
portuguese originate in [MASK].	Portugal
navajo indians live in [MASK].	Arizona
ringo starr play [MASK].	Drums
[MASK] are china 's trading partners.	Angola
stan lee create [MASK].	Executioner
anne frank get [MASK].	Typhus
steve vai play [MASK].	Ibanez
hungarian people speak [MASK].	Hungarian
	Beveridge
the new york giants home colors are [MASK].	Blue
fela kuti play [MASK].	guitar
[MASK] was charlemagne 's wife.	Fastrada
king louis xiv religion was [MASK].	Catholicism
port st lucie florida on the map in [MASK].	Florida
the mediterranean are [MASK].	Italy
[MASK] juan ponce de leon.	Explorer
toronto in [MASK].	Ontario
helen keller die in [MASK].	Easton
jeff corwin major in [MASK].	Biologist
johann sebastian bach live in [MASK].	Arnstadt
malaysia is [MASK].	UTC+8
alice walker born in [MASK].	Eatonton
vivaldi wrote concertos for [MASK].	Violin
god promise joshua [MASK].	Canaan
queen elizabeth i rule [MASK].	England
the mtv vma awards on [MASK].	MTV
they grow rice in italy in [MASK].	Lombardy
great britain on the world map in [MASK].	Europe
the vietnam war happen [MASK].	1960s
located in egypt are [MASK].	Sahara
ronald reagan governor of [MASK].	California
my honda motorcycle made in [MASK].	Tokyo
st james palace is [MASK].	Palace
thoreau die from [MASK].	Tuberculosis
the main religion in eastern europe is [MASK].	Zift
bill rancic have [MASK].	Entrepreneur
the japanese live in [MASK].	Japan
henri matisse use [MASK].	Fauvism
illinois state flower called is [MASK].	Viola
[MASK] plays miley cyrus brother.	Guitarist
theodor schwann born in [MASK].	Germany
the fukushima daiichi located in [MASK].	Japan
darfur happen in [MASK].	Sudan
movies has taylor momsen been in [MASK].	Underdog
henry ford best known for [MASK].	Industrialist
movies has chris colfer been in [MASK].	8
the queen of denmark lives in [MASK].	Copenhagen
burundi located on a map in [MASK].	Africa
merrell shoes headquarters in [MASK].	Rockford
[MASK] does the uk trade with.	Canada
the baltimore ravens are [MASK].	Purple
tim tebow 's religion is [MASK].	Christianity
singapore next to [MASK].	Eurasia
[MASK] is ellen bernstein.	Actor
the australian open men 's finals in [MASK].	Yearly
reagan inaugurated in [MASK].	1/20/1981
james k polk believe in [MASK].	Presbyterianism
recognized in canada are [MASK].	Protestantism
somalia located in [MASK].	Africa
john f kennedy raised in [MASK].	Boston
[MASK] does ryan newman race for.	Alltel
michael schumacher win his first title in [MASK].	1995
joseph prince from [MASK].	Singapore
thomas edison invent [MASK].	Phonograph
the sistine chapel by michelangelo in [MASK].	Rome
the zip code for iselin nj is [MASK].	08830
john mayer [MASK].	guitar
tom cruise play in endless love [MASK].	Billy
ronald reagan born in [MASK].	Tampico
countries in the world speak arabic [MASK].	Tunisia
4 states border the pacific ocean [MASK].	Oregon
the postcode for seoul south korea is [MASK].	139-799
bosnia in [MASK].	Europe
countries speak german as a first language [MASK].	Canada
amazon based out of in [MASK].	Seattle
there to see near the grand canyon is [MASK].	Phoenix
danny ainge live in [MASK].	Wellesley
[MASK] was king tut 's wife.	Ankhesenamun
kurdish people come from in [MASK].	Asia
pablo picasso part of [MASK].	Cubism
mitt romney in [MASK].	Politician
included in the continent of asia are [MASK].	Bahrain
there for kids to do in miami is [MASK].	Wolfsonian-FIU
born was [MASK].	Genoa
the houston rockets mascot is [MASK].	Clutch
ryan seacrest famous for [MASK].	Presenter
city became the capital of the assyrian empire [MASK].	Assur
emperor tiberius born in [MASK].	Rome
to go in mexico for vacation in [MASK].	Yucatán
matt dallas do now [MASK].	Actor
liv tyler play in lord of the rings [MASK].	Arwen
saint joseph from in [MASK].	Canaan
kenya moore get her money in [MASK].	Actor
manny pacquiao win in [MASK].	celebritynetworth.com
countries in south asia are [MASK].	Afghanistan
the cause of death of michael jackson was [MASK].	Homicide
the capital city of texas usa is [MASK].	Austin
aviano air force base located in [MASK].	Italy
giovanni da verrazano live in [MASK].	Dieppe
the zulu live in [MASK].	Zambia
laura bush grow up in [MASK].	Midland
johannes kepler accomplish [MASK].	Mathematician
[MASK] is ellen albertini dow.	Actor
abe lincoln born in [MASK].	Hodgenville
helen keller have to face [MASK].	Deafness
morrissey live 2010 in [MASK].	Manchester
toussaint louverture live in [MASK].	Haiti
other countries share a border with china [MASK].	Pakistan
to stay in thailand koh samui in [MASK].	UTC+07:00
marie curie best known for [MASK].	Radium
most immigrants in the united states come from today in [MASK].	Mexico
state toronto located [MASK].	Ontario
most of the people in egypt live in [MASK].	Cairo
benjamin franklin raised in [MASK].	Boston
they have in italy [MASK].	Euro
the name of the capital of spain is [MASK].	Madrid
facebook headquarters located in [MASK].	California
the roman political system was [MASK].	Autocracy
north korea is [MASK].	Juche
the pepsi center in [MASK].	Denver
denver colorado in [MASK].	Denver
melbourne get its name in [MASK].	1835
the gods of islam are [MASK].	Allah
vasco nunez de balboa original purpose of his journey was [MASK].	Explorer
[MASK] did joseph from the bible marry.	Asenath
sir john frederick william herschel do [MASK].	Cyanotype
anderson cooper come on [MASK].	CNN
they use in china [MASK].	Renminbi
in south america are [MASK].	Carrasco
united church of christ believe [MASK].	Christianity
walton goggins from in [MASK].	Birmingham
the capital city of assyrians in [MASK].	Assur
ben franklin born in [MASK].	Boston
jerry spinelli live as a kid in [MASK].	Norristown
the melbourne cup is [MASK].	Yearly
the french alps located in [MASK].	France
benjamin franklin have [MASK].	Diplomat
city uses gmt [MASK].	Codicote
the zambezi river begin in [MASK].	Mwinilunga
chicago il is [MASK].	60605
andrew johnson die from [MASK].	Stroke
janelle monae famous for [MASK].	Singer
four regions make up the united kingdom [MASK].	Wales
time warner own [MASK].	WPCH-TV
[MASK] did bryce dallas howard play in eclipse.	Victoria
[MASK] was michael jackson in the wiz.	Scarecrow
washington dc located what state in [MASK].	Maryland
state in chicago in [MASK].	Illinois
sir john a macdonald die in [MASK].	Ottawa
spanish come from [MASK].	Spain
south korea 's capital city is [MASK].	Seoul
giovanni da verrazano represent [MASK].	Italy
saint nicholas died in [MASK].	7/17/1918
the jacksonville jaguars from [MASK].	Jacksonville
the names of snoopy brothers and sisters are [MASK].	Olaf
thomas edison 's most famous for [MASK].	Inventor
jennifer lopez do [MASK].	Actor
dmitri mendeleev born was [MASK].	Russia
whitney houston die of [MASK].	Drowning
hooke made to science in 1665 [MASK].	Micrographia
movies has angelina jolie in [MASK].	Beowulf
country christopher columbus from [MASK].	Genoa
[MASK] was michael j fox.	Actor
the bosnian language is [MASK].	Serbo-Croatian
roger federer from sui in [MASK].	Basel
the florida marlins in [MASK].	Miami
skinner believe [MASK].	Atheism
the zip code for inglewood california is [MASK].	90311
made roald dahl famous [MASK].	Novelist
the people speak in australia [MASK].	Lojban
the niger river flow through [MASK].	Libya
the official state flower of arizona is [MASK].	Saguaro
van gogh produce [MASK].	Post-Impressionism
portuguese people considered are [MASK].	Portuguese
angelina jolie star in [MASK].	Beowulf
ancient carthage located in [MASK].	Tunisia
marc chagall do [MASK].	Surrealism
frederick douglass achievements were [MASK].	Publisher
zip code for davenport iowa is [MASK].	52801
riley 's farm located in [MASK].	Sunnydale
[MASK] played howard stern in private parts.	Him/Herself
countries joined the european union in [MASK].	1/1/1995
eric cantor from in [MASK].	Richmond
greece use [MASK].	Euro
the zip code for georgetown ga is [MASK].	20057
the last shark attack in maui in [MASK].	Wailuku
baron de montesquieu die from [MASK].	Fever
robert hooke made [MASK].	Diaphragm
new zealand export to [MASK].	Australia
gm make [MASK].	Hummer
doc holliday die from [MASK].	Tuberculosis
robin gibb die in [MASK].	London
on the mediterranean sea are [MASK].	Italy
the phillies founded in [MASK].	1883
the capital city of montana usa is [MASK].	Helena
the zip code for wildwood is [MASK].	08260
germany [MASK].	Euro
[MASK] did walter raleigh sail for.	England
johnny depp from in [MASK].	Owensboro
china border [MASK].	Eurasia
the russian league start in [MASK].	ru
alice walker famous for [MASK].	Writer
haitian people come from in [MASK].	Haiti
john frusciante play on [MASK].	Curtains
jimmy hoffa live in [MASK].	Indiana
born was [MASK].	Hawaii
the zip code for morgantown in [MASK].	26508
[MASK] is democritus and what did he discover.	Mathematician
elvis presley live before he died in [MASK].	Memphis
the currency of germany in 2010 is [MASK].	Euro
italy have [MASK].	Euro
spanish speaking countries and their capitals are [MASK].	Honduras
amerigo vespucci explore [MASK].	Americas
spain located what continent in [MASK].	Europe
the two major religions in canada are [MASK].	Protestantism
happened to sir thomas cromwell [MASK].	Decapitation
[MASK] did butler beat last night.	Stephano
the mountains in peru called are [MASK].	Andes
spoken in the world in [MASK].	Canada
victoria beckham from in [MASK].	Harlow
the iberian peninsula located in [MASK].	Portugal
[MASK] is daniel in the bible.	Prophet
osama bin laden killed in [MASK].	Abbottabad
heidi klum and seal get married in [MASK].	Mexico
happened to rev . robert schuller [MASK].	Televangelist
north korea [MASK].	Juche
located cornell university in [MASK].	Ithaca
[MASK] speaks arabic language.	Tunisia
the ottoman empire look like [MASK].	Austria-Hungary
bethany hamilton from [MASK].	Lihue
paige halliwell 's powers is [MASK].	Teleportation
the state capital of washington is [MASK].	Olympia
shawn johnson do [MASK].	Gymnast
nadia boulanger live in [MASK].	Paris
	Dallas
the harlem globetrotters play [MASK].	Basketball
danish located in [MASK].	Denmark
	Eurasia
paul ryan live in [MASK].	Janesville
[MASK] is galileo galilei and what is he famous for.	Mathematician
angola located in [MASK].	Africa
the capital of oregon is [MASK].	Salem
spain call their money [MASK].	Euro
[MASK] did james franco play on general hospital.	Franco
the best place to visit in the bahamas in [MASK].	Inagua
the arizona cardinals uniforms are [MASK].	Black
george h.w . bush elected president in [MASK].	1/20/1993
irish language come from [MASK].	Irish
jesus christ follow [MASK].	Judaism
tom brady drafted was [MASK].	1999
bloomberg affiliated with [MASK].	Independent
the capital city of germany now is [MASK].	Berlin
japan export to [MASK].	Canada
syria located in [MASK].	Asia
thailand located in [MASK].	Eurasia
alexander graham bell known for [MASK].	Telephone
to go in florida for vacation in [MASK].	Miami
douglas engelbart invent [MASK].	Mouse
fiat abarth made in [MASK].	Turin
tommy steele born in [MASK].	Bermondsey
chad michael murray play in [MASK].	Renee
mcgee join the ncis team in [MASK].	2003
university of auburn in [MASK].	Alabama
around egypt are [MASK].	Sudan
the allied invasion of france take place in [MASK].	Normandy
nasdaq start trading in [MASK].	1971
the new york yankees established were [MASK].	1901
independence center open on sundays [MASK].	Independence
the navajo tribe live in [MASK].	Arizona
matthias schleiden known for [MASK].	Botanist
jesus born was [MASK].	Iudaea
louisiana entered into the union in [MASK].	4/30/1812
vietnam war fought for [MASK].	Communism
a woman retire in australia [MASK].	au
5 countries border romania [MASK].	Ukraine
kate middleton spending christmas in [MASK].	Bucklebury
other movies has liam hemsworth [MASK].	Knowing
duncan bannatyne is [MASK].	Presenter
bradley cooper 's dad die in [MASK].	2011
president andrew jackson grew up in [MASK].	Waxhaws
countries and seas border ukraine [MASK].	Romania
joe biden a senator in [MASK].	Delaware
the money currency in italy is [MASK].	Euro
adolf hitler died in [MASK].	Berlin
sherlock holmes famous for [MASK].	Detective
sirius black wand look like [MASK].	Star
woodstock held in [MASK].	Bethel
[MASK] do pagans believe is god.	Odin
one thing benjamin franklin is famous for [MASK].	Bifocals
john williams play [MASK].	Trombone
[MASK] might arthur miller think would.	Writer
atticus finch do [MASK].	Lawyer
hammurabi come from in [MASK].	Babylonia
d capital city of south africa is [MASK].	Bloemfontein
kennedy shot was [MASK].	Dallas
the capital of kentucky known for its bluegrass is [MASK].	Frankfort
countries share land border with vietnam [MASK].	Houaphan
japan invade to get resources in [MASK].	China
jonathan swift famous for [MASK].	Pamphleteer
dr luther king jr born in [MASK].	Atlanta
french revolution in [MASK].	France
hitler do bad [MASK].	Nazism
israel is [MASK].	Democracy
the biggest country in europe by population is [MASK].	Russia
the african nations are [MASK].	Angola
w.e.b . dubois wrote [MASK].	Writings
art smith from in [MASK].	Kirkcaldy
fresno texas located in [MASK].	Texas
maria theresa rule [MASK].	Bohemia
russia close to [MASK].	Ukraine
john deere snow blowers made in [MASK].	Moline
vincent van gogh belong to [MASK].	Post-Impressionism
the philippines is [MASK].	Republic
sir donald bradman live in [MASK].	Adelaide
the name of the broncos mascot is [MASK].	Miles
